Workbook
Name URL_TSE: Config!$B$12
Name SIGMA: Config!$B$16
Name AJUSTE: Config!$B$17
Name COMPAREC_PAD: Config!$B$18
Name VALIDOS_PAD: Config!$B$19
Name P_CAND1: Painel!$Q$9

Sheet Painel
A1: Apuração 2º turno — acompanhamento ao vivo (TSE)
A2: ="Cargo: "&IFERROR(INDEX(Dados!$B$2:$B$40,MATCH("cargo",Dados!$A$2:$A$40,0)),0)&" · Abrangência: "&UPPER(IFERROR(INDEX(Dados!$B$2:$B$40,MATCH("cdabr",Dados!$A$2:$A$40,0)),0))&" · Última totalização: "&IFERROR(INDEX(Dados!$B$2:$B$40,MATCH("dt",Dados!$A$2:$A$40,0)),0)&" "&IFERROR(INDEX(Dados!$B$2:$B$40,MATCH("ht",Dados!$A$2:$A$40,0)),0)&" · Fonte: "&Config!B12
A4: ANDAMENTO | C4: SEÇÕES TOTALIZADAS | E4: ELEITORADO APURADO | G4: COMPARECIMENTO | I4: BRANCOS | K4: NULOS | M4: MAT. DEFINIDO (TSE)
A5: =IF(IFERROR(INDEX(Dados!$B$2:$B$40,MATCH("tf",Dados!$A$2:$A$40,0)),0)="s","Totalização final",IF(IFERROR(INDEX(Dados!$B$2:$B$40,MATCH("and",Dados!$A$2:$A$40,0)),0)="f","Finalizada",IF(IFERROR(INDEX(Dados!$B$2:$B$40,MATCH("and",Dados!$A$2:$A$40,0)),0)="p","Em andamento","Não iniciada"))) | C5: =IFERROR(IFERROR(INDEX(Dados!$B$2:$B$40,MATCH("st",Dados!$A$2:$A$40,0)),0)/IFERROR(INDEX(Dados!$B$2:$B$40,MATCH("ts",Dados!$A$2:$A$40,0)),0),0) | E5: =IFERROR(IFERROR(INDEX(Dados!$B$2:$B$40,MATCH("est",Dados!$A$2:$A$40,0)),0)/IFERROR(INDEX(Dados!$B$2:$B$40,MATCH("te",Dados!$A$2:$A$40,0)),0),0) | G5: =IFERROR(IFERROR(INDEX(Dados!$B$2:$B$40,MATCH("c",Dados!$A$2:$A$40,0)),0)/IFERROR(INDEX(Dados!$B$2:$B$40,MATCH("esi",Dados!$A$2:$A$40,0)),0),0) | I5: =IFERROR(IFERROR(INDEX(Dados!$B$2:$B$40,MATCH("vb",Dados!$A$2:$A$40,0)),0)/IFERROR(INDEX(Dados!$B$2:$B$40,MATCH("tv",Dados!$A$2:$A$40,0)),0),0) | K5: =IFERROR(IFERROR(INDEX(Dados!$B$2:$B$40,MATCH("tvn",Dados!$A$2:$A$40,0)),0)/IFERROR(INDEX(Dados!$B$2:$B$40,MATCH("tv",Dados!$A$2:$A$40,0)),0),0) | M5: =IF(IFERROR(INDEX(Dados!$B$2:$B$40,MATCH("md",Dados!$A$2:$A$40,0)),0)="e","Eleito definido",IF(IFERROR(INDEX(Dados!$B$2:$B$40,MATCH("md",Dados!$A$2:$A$40,0)),0)="s","2º turno","Não"))
A8: Nº | B8: Candidato | D8: Partido | E8: Votos | G8: % válidos | H8: Prob. vitória | J8: Situação TSE | L8: Situação matemática
A9: =Dados!E2 | B9: =Dados!F2 | D9: =Dados!G2 | E9: =Dados!H2 | G9: =IFERROR(E9/($E$9+$E$10),0) | H9: =P_CAND1 | J9: =IF(Dados!J2<>"",Dados!J2,IF(Dados!I2="s","Eleito",IF(Dados!E2="","","Em apuração"))) | L9: Diferença (votos) | N9: =ABS(E9-E10) | P9: aux: prob. cand.1 | Q9: =IF(OR(IFERROR(INDEX(Dados!$B$2:$B$40,MATCH("tf",Dados!$A$2:$A$40,0)),0)="s",IFERROR(INDEX(Dados!$B$2:$B$40,MATCH("md",Dados!$A$2:$A$40,0)),0)="e"),IF(Dados!I2="s",1,IF(Dados!I3="s",0,IF(E9>E10,1,0))),IF(N10<=0,IF(E9>E10,1,IF(E9<E10,0,0.5)),1-NORMDIST(0.5-(E9-E10)/(2*N10),IF(E9+E10>0,E9/(E9+E10),0.5)+AJUSTE,SIGMA,TRUE)))
A10: =Dados!E3 | B10: =Dados!F3 | D10: =Dados!G3 | E10: =Dados!H3 | G10: =IFERROR(E10/($E$9+$E$10),0) | H10: =1-P_CAND1 | J10: =IF(Dados!J3<>"",Dados!J3,IF(Dados!I3="s","Eleito",IF(Dados!E3="","","Em apuração"))) | L10: Válidos restantes (estim.) | N10: =MAX(0,IFERROR(INDEX(Dados!$B$2:$B$40,MATCH("te",Dados!$A$2:$A$40,0)),0)-IFERROR(INDEX(Dados!$B$2:$B$40,MATCH("est",Dados!$A$2:$A$40,0)),0))*IF(IFERROR(INDEX(Dados!$B$2:$B$40,MATCH("esi",Dados!$A$2:$A$40,0)),0)>0,IFERROR(INDEX(Dados!$B$2:$B$40,MATCH("c",Dados!$A$2:$A$40,0)),0)/IFERROR(INDEX(Dados!$B$2:$B$40,MATCH("esi",Dados!$A$2:$A$40,0)),0),COMPAREC_PAD)*IF(IFERROR(INDEX(Dados!$B$2:$B$40,MATCH("tv",Dados!$A$2:$A$40,0)),0)>0,IFERROR(INDEX(Dados!$B$2:$B$40,MATCH("vv",Dados!$A$2:$A$40,0)),0)/IFERROR(INDEX(Dados!$B$2:$B$40,MATCH("tv",Dados!$A$2:$A$40,0)),0),VALIDOS_PAD)
L11: 2º colocado precisa dos restantes | N11: =IF(N10>0,0.5+N9/(2*N10),IF(N9>0,"Impossível",0.5)) | P11: Totalizadas | Q11: =IFERROR(INDEX(Dados!$B$2:$B$40,MATCH("st",Dados!$A$2:$A$40,0)),0)
L12: Leitura | N12: =IF(OR(IFERROR(INDEX(Dados!$B$2:$B$40,MATCH("tf",Dados!$A$2:$A$40,0)),0)="s",IFERROR(INDEX(Dados!$B$2:$B$40,MATCH("md",Dados!$A$2:$A$40,0)),0)="e"),"Definido pelo TSE",IF(N11>1,"Virada impossível",IF(N11>0.6,"Virada muito difícil",IF(N11>0.53,"Virada difícil","Disputa aberta")))) | P12: Faltando | Q12: =MAX(0,IFERROR(INDEX(Dados!$B$2:$B$40,MATCH("ts",Dados!$A$2:$A$40,0)),0)-IFERROR(INDEX(Dados!$B$2:$B$40,MATCH("st",Dados!$A$2:$A$40,0)),0))
A13: Probabilidade = chance de cada candidato terminar à frente, supondo que a fatia dele nas urnas ainda não apuradas siga a fatia atual ± a incerteza definida em Config (distribuição normal). É estimativa, não resultado oficial.

Sheet Config
A1: Configuração da conexão com o TSE
A3: Endereço base (oficial) | B3: https://resultados.tse.jus.br/oficial | C3: Simulado do TSE: https://resultados-sim.tse.jus.br/simulado/simulado2026
A4: Pasta do pleito | B4: ele2026
A5: Código da eleição (2º turno 2026) | B5: 6258 | C5: 1º turno = 6257 · 2º turno = 6258 (código usado no nome do arquivo com 6 dígitos)
A6: Abrangência (br ou sigla da UF) | B6: br | C6: br = Brasil (Presidente). Para Governador use a UF, ex.: sp
A7: Código do cargo | B7: 1 | C7: 1 = Presidente · 3 = Governador
A8: URL manual (opcional — tem prioridade) | C8: Cole aqui a URL exata se o TSE publicar em outro caminho
A10: Formato do nome (spec. EA20) | B10: <abrangência>-c<cargo 4 díg.>-e<eleição 6 díg.>-u.json ex.: br-c0001-e006258-u.json
A12: URL usada na conexão | B12: =IF(B8<>"",B8,B3&"/"&B4&"/"&B5&"/dados/"&LOWER(B6)&"/"&LOWER(B6)&"-c"&TEXT(B7,"0000")&"-e"&TEXT(B5,"000000")&"-u.json") | C12: Nome definido URL_TSE (lido pelo Power Query / Apps Script)
A15: Parâmetros do modelo de probabilidade
A16: Incerteza dos votos restantes (desvio-padrão) | B16: 0.06 | C16: Quanto a fatia do candidato nas urnas que faltam pode diferir da fatia atual. Regiões apuram em ritmos diferentes (ex.: 2022, virada no fim). 4%–8% é razoável.
A17: Ajuste de tendência p/ candidato 1 (p.p.) | B17: 0 | C17: Ex.: +0,02 se você espera que as urnas restantes favoreçam o cand. 1 em 2 p.p.
A18: Comparecimento padrão (antes dos 1ºs dados) | B18: 0.79 | C18: Usado só enquanto não há seções totalizadas
A19: Fração de votos válidos padrão | B19: 0.95 | C19: Usado só enquanto não há votos totalizados
A22: Atenção | B22: A planilha vem com DADOS DE DEMONSTRAÇÃO (candidatos fictícios). Antes de conectar, siga a aba 'Como usar'. A probabilidade é uma estimativa estatística — o resultado oficial é sempre o do TSE.

Sheet Dados
A1: Campo | B1: Valor | C1: Descrição (spec. EA20) | E1: Numero | F1: Nome | G1: Partido | H1: Votos | I1: Eleito | J1: Situacao | K1: Seq
A2: ele | B2: 6258 | C2: Código da eleição | E2: 11 | F2: CANDIDATO A (DEMO) | G2: PART-A | H2: 54862312 | I2: n | K2: 2
A3: t | B3: 2 | C3: Turno | E3: 22 | F3: CANDIDATO B (DEMO) | G3: PART-B | H3: 55925781 | I3: n | K3: 1
A4: tpabr | B4: br | C4: Tipo de abrangência
A5: cdabr | B5: br | C5: Código da abrangência
A6: cargo | B6: Presidente | C6: Cargo
A7: dt | B7: 25/10/2026 | C7: Data da totalização
A8: ht | B8: 19:29:00 | C8: Hora da totalização
A9: and | B9: p | C9: Andamento (n/p/f)
A10: md | B10: n | C10: Matematicamente definido (e/s/n)
A11: tf | B11: n | C11: Totalização final (s/n)
A12: dv | B12: s | C12: Divulga votação (s/n)
A13: ts | B13: 472075 | C13: Seções
A14: st | B14: 443750 | C14: Seções totalizadas
A15: te | B15: 156454011 | C15: Eleitorado
A16: est | B16: 147066770 | C16: Eleitorado em seções totalizadas
A17: esi | B17: 146846170 | C17: Eleitorado em seções instaladas
A18: c | B18: 116008474 | C18: Comparecimento
A19: a | B19: 30837696 | C19: Abstenção
A20: tv | B20: 116008474 | C20: Total de votos
A21: vv | B21: 110788093 | C21: Votos válidos
A22: vb | B22: 1827133 | C22: Votos brancos
A23: tvn | B23: 3393248 | C23: Total de votos nulos
A24: van | B24: 0 | C24: Votos anulados
A25: vansj | B25: 0 | C25: Anulados sub judice
E30: Esta aba é preenchida automaticamente (Power Query em A1 e E1, ou Apps Script). Não digite aqui.

Sheet Histórico
A1: Data | B1: Hora | C1: Secoes | D1: SecoesTot | E1: Eleitorado | F1: EleitTot | G1: EleitInst | H1: Comparec | I1: VotosTotais | J1: VotosValidos | K1: VotosCand1 | L1: VotosCand2 | N1: % seções | O1: % eleitorado | P1: % válidos cand.1 | Q1: % válidos cand.2 | R1: Válidos restantes (estim.) | S1: Fatia que o cand.1 precisa | T1: Prob. cand.1 | U1: Prob. cand.2
A2: 25/10/2026 | B2: 17:05:00 | C2: 472075 | D2: 1888 | E2: 156454011 | F2: 625816 | G2: 624877 | H2: 493653 | I2: 493653 | J2: 471439 | K2: 252199 | L2: 219240 | N2: =IF($A2="",NA(),IF(C2>0,D2/C2,0)) | O2: =IF($A2="",NA(),IF(E2>0,F2/E2,0)) | P2: =IF($A2="",NA(),IF(K2+L2>0,K2/(K2+L2),0.5)) | Q2: =IF($A2="",NA(),1-P2) | R2: =IF($A2="",NA(),MAX(0,E2-F2)*IF(G2>0,H2/G2,COMPAREC_PAD)*IF(I2>0,J2/I2,VALIDOS_PAD)) | S2: =IF($A2="",NA(),IF(R2>0,0.5-(K2-L2)/(2*R2),0)) | T2: =IF($A2="",NA(),IF(R2<=0,IF(K2>L2,1,IF(K2<L2,0,0.5)),1-NORMDIST(S2,P2+AJUSTE,SIGMA,TRUE))) | U2: =IF($A2="",NA(),1-T2)
A3: 25/10/2026 | B3: 17:11:00 | C3: 472075 | D3: 4721 | E3: 156454011 | F3: 1564540 | G3: 1562193 | H3: 1234132 | I3: 1234132 | J3: 1178596 | K3: 630389 | L3: 548207 | N3: =IF($A3="",NA(),IF(C3>0,D3/C3,0)) | O3: =IF($A3="",NA(),IF(E3>0,F3/E3,0)) | P3: =IF($A3="",NA(),IF(K3+L3>0,K3/(K3+L3),0.5)) | Q3: =IF($A3="",NA(),1-P3) | R3: =IF($A3="",NA(),MAX(0,E3-F3)*IF(G3>0,H3/G3,COMPAREC_PAD)*IF(I3>0,J3/I3,VALIDOS_PAD)) | S3: =IF($A3="",NA(),IF(R3>0,0.5-(K3-L3)/(2*R3),0)) | T3: =IF($A3="",NA(),IF(R3<=0,IF(K3>L3,1,IF(K3<L3,0,0.5)),1-NORMDIST(S3,P3+AJUSTE,SIGMA,TRUE))) | U3: =IF($A3="",NA(),1-T3)
A4: 25/10/2026 | B4: 17:17:00 | C4: 472075 | D4: 9442 | E4: 156454011 | F4: 3129080 | G4: 3124386 | H4: 2468265 | I4: 2468265 | J4: 2357193 | K4: 1260336 | L4: 1096857 | N4: =IF($A4="",NA(),IF(C4>0,D4/C4,0)) | O4: =IF($A4="",NA(),IF(E4>0,F4/E4,0)) | P4: =IF($A4="",NA(),IF(K4+L4>0,K4/(K4+L4),0.5)) | Q4: =IF($A4="",NA(),1-P4) | R4: =IF($A4="",NA(),MAX(0,E4-F4)*IF(G4>0,H4/G4,COMPAREC_PAD)*IF(I4>0,J4/I4,VALIDOS_PAD)) | S4: =IF($A4="",NA(),IF(R4>0,0.5-(K4-L4)/(2*R4),0)) | T4: =IF($A4="",NA(),IF(R4<=0,IF(K4>L4,1,IF(K4<L4,0,0.5)),1-NORMDIST(S4,P4+AJUSTE,SIGMA,TRUE))) | U4: =IF($A4="",NA(),1-T4)
A5: 25/10/2026 | B5: 17:23:00 | C5: 472075 | D5: 18883 | E5: 156454011 | F5: 6258160 | G5: 6248773 | H5: 4936531 | I5: 4936531 | J5: 4714387 | K5: 2518571 | L5: 2195816 | N5: =IF($A5="",NA(),IF(C5>0,D5/C5,0)) | O5: =IF($A5="",NA(),IF(E5>0,F5/E5,0)) | P5: =IF($A5="",NA(),IF(K5+L5>0,K5/(K5+L5),0.5)) | Q5: =IF($A5="",NA(),1-P5) | R5: =IF($A5="",NA(),MAX(0,E5-F5)*IF(G5>0,H5/G5,COMPAREC_PAD)*IF(I5>0,J5/I5,VALIDOS_PAD)) | S5: =IF($A5="",NA(),IF(R5>0,0.5-(K5-L5)/(2*R5),0)) | T5: =IF($A5="",NA(),IF(R5<=0,IF(K5>L5,1,IF(K5<L5,0,0.5)),1-NORMDIST(S5,P5+AJUSTE,SIGMA,TRUE))) | U5: =IF($A5="",NA(),1-T5)
A6: 25/10/2026 | B6: 17:29:00 | C6: 472075 | D6: 33045 | E6: 156454011 | F6: 10951781 | G6: 10935353 | H6: 8638929 | I6: 8638929 | J6: 8250177 | K6: 4401071 | L6: 3849106 | N6: =IF($A6="",NA(),IF(C6>0,D6/C6,0)) | O6: =IF($A6="",NA(),IF(E6>0,F6/E6,0)) | P6: =IF($A6="",NA(),IF(K6+L6>0,K6/(K6+L6),0.5)) | Q6: =IF($A6="",NA(),1-P6) | R6: =IF($A6="",NA(),MAX(0,E6-F6)*IF(G6>0,H6/G6,COMPAREC_PAD)*IF(I6>0,J6/I6,VALIDOS_PAD)) | S6: =IF($A6="",NA(),IF(R6>0,0.5-(K6-L6)/(2*R6),0)) | T6: =IF($A6="",NA(),IF(R6<=0,IF(K6>L6,1,IF(K6<L6,0,0.5)),1-NORMDIST(S6,P6+AJUSTE,SIGMA,TRUE))) | U6: =IF($A6="",NA(),1-T6)
A7: 25/10/2026 | B7: 17:35:00 | C7: 472075 | D7: 47208 | E7: 156454011 | F7: 15645401 | G7: 15621933 | H7: 12341327 | I7: 12341327 | J7: 11785967 | K7: 6276993 | L7: 5508974 | N7: =IF($A7="",NA(),IF(C7>0,D7/C7,0)) | O7: =IF($A7="",NA(),IF(E7>0,F7/E7,0)) | P7: =IF($A7="",NA(),IF(K7+L7>0,K7/(K7+L7),0.5)) | Q7: =IF($A7="",NA(),1-P7) | R7: =IF($A7="",NA(),MAX(0,E7-F7)*IF(G7>0,H7/G7,COMPAREC_PAD)*IF(I7>0,J7/I7,VALIDOS_PAD)) | S7: =IF($A7="",NA(),IF(R7>0,0.5-(K7-L7)/(2*R7),0)) | T7: =IF($A7="",NA(),IF(R7<=0,IF(K7>L7,1,IF(K7<L7,0,0.5)),1-NORMDIST(S7,P7+AJUSTE,SIGMA,TRUE))) | U7: =IF($A7="",NA(),1-T7)
A8: 25/10/2026 | B8: 17:41:00 | C8: 472075 | D8: 66090 | E8: 156454011 | F8: 21903562 | G8: 21870707 | H8: 17277859 | I8: 17277859 | J8: 16500355 | K8: 8766929 | L8: 7733426 | N8: =IF($A8="",NA(),IF(C8>0,D8/C8,0)) | O8: =IF($A8="",NA(),IF(E8>0,F8/E8,0)) | P8: =IF($A8="",NA(),IF(K8+L8>0,K8/(K8+L8),0.5)) | Q8: =IF($A8="",NA(),1-P8) | R8: =IF($A8="",NA(),MAX(0,E8-F8)*IF(G8>0,H8/G8,COMPAREC_PAD)*IF(I8>0,J8/I8,VALIDOS_PAD)) | S8: =IF($A8="",NA(),IF(R8>0,0.5-(K8-L8)/(2*R8),0)) | T8: =IF($A8="",NA(),IF(R8<=0,IF(K8>L8,1,IF(K8<L8,0,0.5)),1-NORMDIST(S8,P8+AJUSTE,SIGMA,TRUE))) | U8: =IF($A8="",NA(),1-T8)
A9: 25/10/2026 | B9: 17:47:00 | C9: 472075 | D9: 89694 | E9: 156454011 | F9: 29726262 | G9: 29681673 | H9: 23448522 | I9: 23448522 | J9: 22393339 | K9: 11859647 | L9: 10533692 | N9: =IF($A9="",NA(),IF(C9>0,D9/C9,0)) | O9: =IF($A9="",NA(),IF(E9>0,F9/E9,0)) | P9: =IF($A9="",NA(),IF(K9+L9>0,K9/(K9+L9),0.5)) | Q9: =IF($A9="",NA(),1-P9) | R9: =IF($A9="",NA(),MAX(0,E9-F9)*IF(G9>0,H9/G9,COMPAREC_PAD)*IF(I9>0,J9/I9,VALIDOS_PAD)) | S9: =IF($A9="",NA(),IF(R9>0,0.5-(K9-L9)/(2*R9),0)) | T9: =IF($A9="",NA(),IF(R9<=0,IF(K9>L9,1,IF(K9<L9,0,0.5)),1-NORMDIST(S9,P9+AJUSTE,SIGMA,TRUE))) | U9: =IF($A9="",NA(),1-T9)
A10: 25/10/2026 | B10: 17:53:00 | C10: 472075 | D10: 118019 | E10: 156454011 | F10: 39113503 | G10: 39054833 | H10: 30853318 | I10: 30853318 | J10: 29464919 | K10: 15539757 | L10: 13925162 | N10: =IF($A10="",NA(),IF(C10>0,D10/C10,0)) | O10: =IF($A10="",NA(),IF(E10>0,F10/E10,0)) | P10: =IF($A10="",NA(),IF(K10+L10>0,K10/(K10+L10),0.5)) | Q10: =IF($A10="",NA(),1-P10) | R10: =IF($A10="",NA(),MAX(0,E10-F10)*IF(G10>0,H10/G10,COMPAREC_PAD)*IF(I10>0,J10/I10,VALIDOS_PAD)) | S10: =IF($A10="",NA(),IF(R10>0,0.5-(K10-L10)/(2*R10),0)) | T10: =IF($A10="",NA(),IF(R10<=0,IF(K10>L10,1,IF(K10<L10,0,0.5)),1-NORMDIST(S10,P10+AJUSTE,SIGMA,TRUE))) | U10: =IF($A10="",NA(),1-T10)
A11: 25/10/2026 | B11: 17:59:00 | C11: 472075 | D11: 146343 | E11: 156454011 | F11: 48500743 | G11: 48427992 | H11: 38258114 | I11: 38258114 | J11: 36536499 | K11: 19183616 | L11: 17352883 | N11: =IF($A11="",NA(),IF(C11>0,D11/C11,0)) | O11: =IF($A11="",NA(),IF(E11>0,F11/E11,0)) | P11: =IF($A11="",NA(),IF(K11+L11>0,K11/(K11+L11),0.5)) | Q11: =IF($A11="",NA(),1-P11) | R11: =IF($A11="",NA(),MAX(0,E11-F11)*IF(G11>0,H11/G11,COMPAREC_PAD)*IF(I11>0,J11/I11,VALIDOS_PAD)) | S11: =IF($A11="",NA(),IF(R11>0,0.5-(K11-L11)/(2*R11),0)) | T11: =IF($A11="",NA(),IF(R11<=0,IF(K11>L11,1,IF(K11<L11,0,0.5)),1-NORMDIST(S11,P11+AJUSTE,SIGMA,TRUE))) | U11: =IF($A11="",NA(),1-T11)
A12: 25/10/2026 | B12: 18:05:00 | C12: 472075 | D12: 174668 | E12: 156454011 | F12: 57887984 | G12: 57801152 | H12: 45662910 | I12: 45662910 | J12: 43608079 | K12: 22789210 | L12: 20818869 | N12: =IF($A12="",NA(),IF(C12>0,D12/C12,0)) | O12: =IF($A12="",NA(),IF(E12>0,F12/E12,0)) | P12: =IF($A12="",NA(),IF(K12+L12>0,K12/(K12+L12),0.5)) | Q12: =IF($A12="",NA(),1-P12) | R12: =IF($A12="",NA(),MAX(0,E12-F12)*IF(G12>0,H12/G12,COMPAREC_PAD)*IF(I12>0,J12/I12,VALIDOS_PAD)) | S12: =IF($A12="",NA(),IF(R12>0,0.5-(K12-L12)/(2*R12),0)) | T12: =IF($A12="",NA(),IF(R12<=0,IF(K12>L12,1,IF(K12<L12,0,0.5)),1-NORMDIST(S12,P12+AJUSTE,SIGMA,TRUE))) | U12: =IF($A12="",NA(),1-T12)
A13: 25/10/2026 | B13: 18:11:00 | C13: 472075 | D13: 202992 | E13: 156454011 | F13: 67275225 | G13: 67174312 | H13: 53067706 | I13: 53067706 | J13: 50679659 | K13: 26354799 | L13: 24324860 | N13: =IF($A13="",NA(),IF(C13>0,D13/C13,0)) | O13: =IF($A13="",NA(),IF(E13>0,F13/E13,0)) | P13: =IF($A13="",NA(),IF(K13+L13>0,K13/(K13+L13),0.5)) | Q13: =IF($A13="",NA(),1-P13) | R13: =IF($A13="",NA(),MAX(0,E13-F13)*IF(G13>0,H13/G13,COMPAREC_PAD)*IF(I13>0,J13/I13,VALIDOS_PAD)) | S13: =IF($A13="",NA(),IF(R13>0,0.5-(K13-L13)/(2*R13),0)) | T13: =IF($A13="",NA(),IF(R13<=0,IF(K13>L13,1,IF(K13<L13,0,0.5)),1-NORMDIST(S13,P13+AJUSTE,SIGMA,TRUE))) | U13: =IF($A13="",NA(),1-T13)
... A26: 25/10/2026 | B26: 19:29:00 | C26: 472075 | D26: 443750 | E26: 156454011 | F26: 147066770 | G26: 146846170 | H26: 116008474 | I26: 116008474 | J26: 110788093 | K26: 54862312 | L26: 55925781 | N26: =IF($A26="",NA(),IF(C26>0,D26/C26,0)) | O26: =IF($A26="",NA(),IF(E26>0,F26/E26,0)) | P26: =IF($A26="",NA(),IF(K26+L26>0,K26/(K26+L26),0.5)) | Q26: =IF($A26="",NA(),1-P26) | R26: =IF($A26="",NA(),MAX(0,E26-F26)*IF(G26>0,H26/G26,COMPAREC_PAD)*IF(I26>0,J26/I26,VALIDOS_PAD)) | S26: =IF($A26="",NA(),IF(R26>0,0.5-(K26-L26)/(2*R26),0)) | T26: =IF($A26="",NA(),IF(R26<=0,IF(K26>L26,1,IF(K26<L26,0,0.5)),1-NORMDIST(S26,P26+AJUSTE,SIGMA,TRUE))) | U26: =IF($A26="",NA(),1-T26)
N27: =IF($A27="",NA(),IF(C27>0,D27/C27,0)) | O27: =IF($A27="",NA(),IF(E27>0,F27/E27,0)) | P27: =IF($A27="",NA(),IF(K27+L27>0,K27/(K27+L27),0.5)) | Q27: =IF($A27="",NA(),1-P27) | R27: =IF($A27="",NA(),MAX(0,E27-F27)*IF(G27>0,H27/G27,COMPAREC_PAD)*IF(I27>0,J27/I27,VALIDOS_PAD)) | S27: =IF($A27="",NA(),IF(R27>0,0.5-(K27-L27)/(2*R27),0)) | T27: =IF($A27="",NA(),IF(R27<=0,IF(K27>L27,1,IF(K27<L27,0,0.5)),1-NORMDIST(S27,P27+AJUSTE,SIGMA,TRUE))) | U27: =IF($A27="",NA(),1-T27)
N28: =IF($A28="",NA(),IF(C28>0,D28/C28,0)) | O28: =IF($A28="",NA(),IF(E28>0,F28/E28,0)) | P28: =IF($A28="",NA(),IF(K28+L28>0,K28/(K28+L28),0.5)) | Q28: =IF($A28="",NA(),1-P28) | R28: =IF($A28="",NA(),MAX(0,E28-F28)*IF(G28>0,H28/G28,COMPAREC_PAD)*IF(I28>0,J28/I28,VALIDOS_PAD)) | S28: =IF($A28="",NA(),IF(R28>0,0.5-(K28-L28)/(2*R28),0)) | T28: =IF($A28="",NA(),IF(R28<=0,IF(K28>L28,1,IF(K28<L28,0,0.5)),1-NORMDIST(S28,P28+AJUSTE,SIGMA,TRUE))) | U28: =IF($A28="",NA(),1-T28)
N29: =IF($A29="",NA(),IF(C29>0,D29/C29,0)) | O29: =IF($A29="",NA(),IF(E29>0,F29/E29,0)) | P29: =IF($A29="",NA(),IF(K29+L29>0,K29/(K29+L29),0.5)) | Q29: =IF($A29="",NA(),1-P29) | R29: =IF($A29="",NA(),MAX(0,E29-F29)*IF(G29>0,H29/G29,COMPAREC_PAD)*IF(I29>0,J29/I29,VALIDOS_PAD)) | S29: =IF($A29="",NA(),IF(R29>0,0.5-(K29-L29)/(2*R29),0)) | T29: =IF($A29="",NA(),IF(R29<=0,IF(K29>L29,1,IF(K29<L29,0,0.5)),1-NORMDIST(S29,P29+AJUSTE,SIGMA,TRUE))) | U29: =IF($A29="",NA(),1-T29)
N30: =IF($A30="",NA(),IF(C30>0,D30/C30,0)) | O30: =IF($A30="",NA(),IF(E30>0,F30/E30,0)) | P30: =IF($A30="",NA(),IF(K30+L30>0,K30/(K30+L30),0.5)) | Q30: =IF($A30="",NA(),1-P30) | R30: =IF($A30="",NA(),MAX(0,E30-F30)*IF(G30>0,H30/G30,COMPAREC_PAD)*IF(I30>0,J30/I30,VALIDOS_PAD)) | S30: =IF($A30="",NA(),IF(R30>0,0.5-(K30-L30)/(2*R30),0)) | T30: =IF($A30="",NA(),IF(R30<=0,IF(K30>L30,1,IF(K30<L30,0,0.5)),1-NORMDIST(S30,P30+AJUSTE,SIGMA,TRUE))) | U30: =IF($A30="",NA(),1-T30)
N31: =IF($A31="",NA(),IF(C31>0,D31/C31,0)) | O31: =IF($A31="",NA(),IF(E31>0,F31/E31,0)) | P31: =IF($A31="",NA(),IF(K31+L31>0,K31/(K31+L31),0.5)) | Q31: =IF($A31="",NA(),1-P31) | R31: =IF($A31="",NA(),MAX(0,E31-F31)*IF(G31>0,H31/G31,COMPAREC_PAD)*IF(I31>0,J31/I31,VALIDOS_PAD)) | S31: =IF($A31="",NA(),IF(R31>0,0.5-(K31-L31)/(2*R31),0)) | T31: =IF($A31="",NA(),IF(R31<=0,IF(K31>L31,1,IF(K31<L31,0,0.5)),1-NORMDIST(S31,P31+AJUSTE,SIGMA,TRUE))) | U31: =IF($A31="",NA(),1-T31)
N32: =IF($A32="",NA(),IF(C32>0,D32/C32,0)) | O32: =IF($A32="",NA(),IF(E32>0,F32/E32,0)) | P32: =IF($A32="",NA(),IF(K32+L32>0,K32/(K32+L32),0.5)) | Q32: =IF($A32="",NA(),1-P32) | R32: =IF($A32="",NA(),MAX(0,E32-F32)*IF(G32>0,H32/G32,COMPAREC_PAD)*IF(I32>0,J32/I32,VALIDOS_PAD)) | S32: =IF($A32="",NA(),IF(R32>0,0.5-(K32-L32)/(2*R32),0)) | T32: =IF($A32="",NA(),IF(R32<=0,IF(K32>L32,1,IF(K32<L32,0,0.5)),1-NORMDIST(S32,P32+AJUSTE,SIGMA,TRUE))) | U32: =IF($A32="",NA(),1-T32)
N33: =IF($A33="",NA(),IF(C33>0,D33/C33,0)) | O33: =IF($A33="",NA(),IF(E33>0,F33/E33,0)) | P33: =IF($A33="",NA(),IF(K33+L33>0,K33/(K33+L33),0.5)) | Q33: =IF($A33="",NA(),1-P33) | R33: =IF($A33="",NA(),MAX(0,E33-F33)*IF(G33>0,H33/G33,COMPAREC_PAD)*IF(I33>0,J33/I33,VALIDOS_PAD)) | S33: =IF($A33="",NA(),IF(R33>0,0.5-(K33-L33)/(2*R33),0)) | T33: =IF($A33="",NA(),IF(R33<=0,IF(K33>L33,1,IF(K33<L33,0,0.5)),1-NORMDIST(S33,P33+AJUSTE,SIGMA,TRUE))) | U33: =IF($A33="",NA(),1-T33)
N34: =IF($A34="",NA(),IF(C34>0,D34/C34,0)) | O34: =IF($A34="",NA(),IF(E34>0,F34/E34,0)) | P34: =IF($A34="",NA(),IF(K34+L34>0,K34/(K34+L34),0.5)) | Q34: =IF($A34="",NA(),1-P34) | R34: =IF($A34="",NA(),MAX(0,E34-F34)*IF(G34>0,H34/G34,COMPAREC_PAD)*IF(I34>0,J34/I34,VALIDOS_PAD)) | S34: =IF($A34="",NA(),IF(R34>0,0.5-(K34-L34)/(2*R34),0)) | T34: =IF($A34="",NA(),IF(R34<=0,IF(K34>L34,1,IF(K34<L34,0,0.5)),1-NORMDIST(S34,P34+AJUSTE,SIGMA,TRUE))) | U34: =IF($A34="",NA(),1-T34)
N35: =IF($A35="",NA(),IF(C35>0,D35/C35,0)) | O35: =IF($A35="",NA(),IF(E35>0,F35/E35,0)) | P35: =IF($A35="",NA(),IF(K35+L35>0,K35/(K35+L35),0.5)) | Q35: =IF($A35="",NA(),1-P35) | R35: =IF($A35="",NA(),MAX(0,E35-F35)*IF(G35>0,H35/G35,COMPAREC_PAD)*IF(I35>0,J35/I35,VALIDOS_PAD)) | S35: =IF($A35="",NA(),IF(R35>0,0.5-(K35-L35)/(2*R35),0)) | T35: =IF($A35="",NA(),IF(R35<=0,IF(K35>L35,1,IF(K35<L35,0,0.5)),1-NORMDIST(S35,P35+AJUSTE,SIGMA,TRUE))) | U35: =IF($A35="",NA(),1-T35)
N36: =IF($A36="",NA(),IF(C36>0,D36/C36,0)) | O36: =IF($A36="",NA(),IF(E36>0,F36/E36,0)) | P36: =IF($A36="",NA(),IF(K36+L36>0,K36/(K36+L36),0.5)) | Q36: =IF($A36="",NA(),1-P36) | R36: =IF($A36="",NA(),MAX(0,E36-F36)*IF(G36>0,H36/G36,COMPAREC_PAD)*IF(I36>0,J36/I36,VALIDOS_PAD)) | S36: =IF($A36="",NA(),IF(R36>0,0.5-(K36-L36)/(2*R36),0)) | T36: =IF($A36="",NA(),IF(R36<=0,IF(K36>L36,1,IF(K36<L36,0,0.5)),1-NORMDIST(S36,P36+AJUSTE,SIGMA,TRUE))) | U36: =IF($A36="",NA(),1-T36)
N37: =IF($A37="",NA(),IF(C37>0,D37/C37,0)) | O37: =IF($A37="",NA(),IF(E37>0,F37/E37,0)) | P37: =IF($A37="",NA(),IF(K37+L37>0,K37/(K37+L37),0.5)) | Q37: =IF($A37="",NA(),1-P37) | R37: =IF($A37="",NA(),MAX(0,E37-F37)*IF(G37>0,H37/G37,COMPAREC_PAD)*IF(I37>0,J37/I37,VALIDOS_PAD)) | S37: =IF($A37="",NA(),IF(R37>0,0.5-(K37-L37)/(2*R37),0)) | T37: =IF($A37="",NA(),IF(R37<=0,IF(K37>L37,1,IF(K37<L37,0,0.5)),1-NORMDIST(S37,P37+AJUSTE,SIGMA,TRUE))) | U37: =IF($A37="",NA(),1-T37)
N38: =IF($A38="",NA(),IF(C38>0,D38/C38,0)) | O38: =IF($A38="",NA(),IF(E38>0,F38/E38,0)) | P38: =IF($A38="",NA(),IF(K38+L38>0,K38/(K38+L38),0.5)) | Q38: =IF($A38="",NA(),1-P38) | R38: =IF($A38="",NA(),MAX(0,E38-F38)*IF(G38>0,H38/G38,COMPAREC_PAD)*IF(I38>0,J38/I38,VALIDOS_PAD)) | S38: =IF($A38="",NA(),IF(R38>0,0.5-(K38-L38)/(2*R38),0)) | T38: =IF($A38="",NA(),IF(R38<=0,IF(K38>L38,1,IF(K38<L38,0,0.5)),1-NORMDIST(S38,P38+AJUSTE,SIGMA,TRUE))) | U38: =IF($A38="",NA(),1-T38)
... N1001: =IF($A1001="",NA(),IF(C1001>0,D1001/C1001,0)) | O1001: =IF($A1001="",NA(),IF(E1001>0,F1001/E1001,0)) | P1001: =IF($A1001="",NA(),IF(K1001+L1001>0,K1001/(K1001+L1001),0.5)) | Q1001: =IF($A1001="",NA(),1-P1001) | R1001: =IF($A1001="",NA(),MAX(0,E1001-F1001)*IF(G1001>0,H1001/G1001,COMPAREC_PAD)*IF(I1001>0,J1001/I1001,VALIDOS_PAD)) | S1001: =IF($A1001="",NA(),IF(R1001>0,0.5-(K1001-L1001)/(2*R1001),0)) | T1001: =IF($A1001="",NA(),IF(R1001<=0,IF(K1001>L1001,1,IF(K1001<L1001,0,0.5)),1-NORMDIST(S1001,P1001+AJUSTE,SIGMA,TRUE))) | U1001: =IF($A1001="",NA(),1-T1001)

Sheet Regras TSE
A1: Regras do arquivo EA20 (resultado unificado) usadas na planilha
A3: Campo | B3: Regra / uso
A4: Arquivo | B4: EA20 — resultado unificado: parte fixa (candidatos, partidos, seções, eleitorado) + parte variável (votos), atualizada a cada totalização.
A5: Nome | B5: br-c<cargo>-e<eleição>-u.json (nacional) · <uf>-c<cargo>-e<eleição>-u.json (estadual) · <uf><município 5 díg.>-c…-u.json (municipal) · <uf><mun>-z<zona 4 díg.>-c…-u.json (zona).
A6: Cargos | B6: 0001 Presidente (BR) · 0003 Governador (UF) · 0005 Senador · 0006 Dep. Federal · 0007 Dep. Estadual · 0008 Dep. Distrital · 0011 Prefeito · 0013 Vereador. 2º turno: apenas Presidente e Governador.
A7: t | B7: Turno: 1 = primeiro, 2 = segundo.
A8: f | B8: Fase: s = simulado, o = oficial. Confira se está 'o' no dia da eleição.
A9: dt / ht | B9: Data e hora da totalização — a planilha grava um ponto no histórico a cada mudança.
A10: and | B10: Andamento: n = não iniciada, p = em andamento, f = finalizada. 'Finalizada' ≠ 'totalização final' (tf).
A11: tf | B11: Totalização final: s/n. É quando o juiz eleitoral finaliza a eleição.
A12: md | B12: Matematicamente definido (só Presidente/Governador/Prefeito, enquanto tf = n): e = eleito, s = segundo turno, n = não definido. Quando 'e', a planilha fixa 100%/0%.
A13: dv | B13: Divulga votação: se 'n', os votos vêm zerados (regra de divulgação do TSE — a divulgação começa às 17h de Brasília).
A14: cand.e / st | B14: e = s se eleito (ou foi ao 2º turno). st (Eleito, Não eleito, 2º turno…) só é preenchido após a totalização final.
... A20: Ordem | B20: seq = ordem do candidato (muda conforme votos). A planilha ordena pelo número de urna, para o cand. 1 e o cand. 2 não trocarem de lugar no histórico.

Sheet Como usar
A1: Como conectar ao TSE e acompanhar ao vivo
A3: 1. Antes de tudo
A4: • | B4: Em Config, confira a URL (B12). O padrão aponta para o 2º turno 2026 (eleição 6258, Presidente). Para governador, troque Abrangência para a UF (ex.: sp) e Cargo para 3. Se o TSE usar outro caminho, cole a URL exata em Config!B8 (veja o link do JSON na aba Documentos de resultados.tse.jus.br).
A5: • | B5: Apague os dados de demonstração: Dados!A2:B40 e Dados!E2:K20 (só os valores) e Histórico!A2:L1001.
A6: 2A. Excel (Microsoft 365 / 2016+) — Power Query
A7: • | B7: Arquivo > Opções > Central de Confiabilidade/Privacidade > Power Query: marque 'Ignorar os níveis de privacidade' (necessário porque a consulta usa a URL da célula Config!B12).
A8: • | B8: Apague também os CABEÇALHOS: Dados!A1:B1, Dados!E1:K1 e Histórico!A1:L1 (as consultas recriam).
A9: • | B9: Dados > Obter Dados > De Outras Fontes > Consulta Nula. Página Inicial > Editor Avançado. Cole o bloco 'TSE' do arquivo powerquery_tse.m e renomeie a consulta para TSE.
A10: • | B10: Repita para Resumo, Candidatos e tbHistorico (os nomes precisam ser exatamente esses).
A11: • | B11: Fechar e Carregar Para…: TSE = Somente Conexão; Resumo = Tabela em Dados!A1; Candidatos = Tabela em Dados!E1; tbHistorico = Tabela em Histórico!A1.
A12: • | B12: Dados > Consultas e Conexões > botão direito em cada consulta > Propriedades: marque 'Atualizar a cada 1 minuto' e 'Atualizar dados ao abrir o arquivo'. Pronto: o Painel e os gráficos atualizam sozinhos.
A13: • | B13: Salve como .xlsx normal. Mantenha o arquivo aberto durante a apuração.
A14: 2B. Google Planilhas — Apps Script
A15: • | B15: Envie este .xlsx ao Google Drive e abra com Planilhas Google (Arquivo > Salvar como Planilha Google).
A16: • | B16: Extensões > Apps Script. Cole o conteúdo de tse_apps_script.gs, salve, recarregue a planilha.
A17: • | B17: Menu 'TSE ao vivo' > 'Atualizar agora' (autorize na 1ª vez) > 'Iniciar ao vivo (1 min)'.
A18: • | B18: Para parar: 'Parar ao vivo'. O histórico cresce uma linha a cada nova totalização do TSE.
A19: 3. Lendo o painel
A20: • | B20: Prob. vitória: chance estimada de terminar à frente considerando os votos que faltam. Ajuste a incerteza em Config!B16 (maior = mais cautela com viradas).
A21: • | B21: '2º colocado precisa dos restantes': % dos votos válidos ainda não apurados que o candidato atrás precisa obter para virar. Acima de 100% = virada impossível.
A22: • | B22: Quando o TSE marcar md = 'e' (matematicamente definido) ou tf = 's', a planilha fixa 100%/0%.
A23: • | B23: Teste antes do dia 25/10 usando o ambiente simulado do TSE (endereço em Config!C3) colando a URL completa do simulado em Config!B8.
A25: Código Power Query (mesmo conteúdo de powerquery_tse.m)
B26: // =====================================================================
B27: // Conector ao vivo TSE -> Excel (Power Query) — arquivo EA20 "-u.json"
B28: // Crie 4 consultas em Dados > Obter Dados > Outras Fontes > Consulta Nula,
B29: // abra o Editor Avançado e cole cada bloco abaixo, com o NOME indicado.
B30: // Veja o passo a passo completo na aba "Como usar" da planilha.
B31: // =====================================================================
B34: // ---------------------------------------------------------------------
B35: // Consulta 1 — nome: TSE (Carregar como: Somente Conexão)
B36: // Baixa o JSON da URL montada em Config!B12 (nome definido URL_TSE).
B37: // ---------------------------------------------------------------------
B38: let
B39: Url = Excel.CurrentWorkbook(){[Name = "URL_TSE"]}[Content]{0}[Column1],
... B133: SemVazios
